,0
0,Valle Fert√É¬≠l
1,Valle F√É¬©rtil
2,Vend√É¬©e
3,Wei√É¬üenburg-Gunzenhausen
4,S√É¬£o Gabriel
5,Mezen'
6,L√É¬∂rrach
7,Portel√É¬¢ndia
8,Perol√É¬¢ndia
9,S√É¬£o Mateus do Sul
10,Tatu√É¬≠
11,Rebou√É¬ßas
12,Candel√É¬°ria
13,Sol'-Iletsk
14,Sol'-Iletskiy
15,N√É¬ºrnberger Land
16,Yuan'an
17,Schw√É¬§bisch Hall
18,S√É¬£o Pedro do Sul
19,G√É¬∂ttingen
20,Sa√É¬¥ne-et-Loire
21,Baden-W√É¬ºrttemberg
22,Th√É¬ºringen
23,T√É¬ºbingen
24,S√É¬¢one-et-Loire
25,H√É¬©rault
26,S√É¬£o Jo√É¬£o do Pol√É¬™sine
27,Yuan√¢¬Ä¬ôan
28,Tarnowskie G√É¬≥ry
29,"Los Colorados, La Esquina"
30,Arroio do S¬õ
31,Linha S?o Luiz
32,Toroqu√ø
33,Ribeir?o
34,Rinc?o dos Weiss
35,Acegu√ø
36,Sesmaria do Pinhal 1
37,"cff Rafael prov√øvel material do MNRJ se sao os mesmo do livro tombo, Alemoa"
38,Cerrito?
39,Sesmaria do Pinhal 2
40,V√ørzea do Agudo
41,?gua Negra
42,BR 158 federal road
43,Porto Mariante 2
44,Sao Jose?
45,Sao Jose? (embaixo do cemit?rio coletado por Price)
